run_id,model,method,task,metric_dimension,aug,think,strict_f1,strict_acc,lenient_f1,lenient_acc,n_total_rows,n_scored_rows,n_unknown,unknown_rate,unknown_row_indices,prediction_file,timestamp
001,LLaMA-3.1-8B,Zero-shot,MI,MI,None,N/A,0.491589,0.511152,0.766216,0.849442,538,538,0,0.0,,/WAVE/projects2/CSEN-346-Sp26/Group3/TutorMind/Baseline-Experiments/LLaMA-ZeroShot/run001_mi_predictions.csv,2026-04-23T00:49:23
002,LLaMA-3.1-8B,Zero-shot,ML,ML,None,N/A,0.325263,0.297571,0.674839,0.771255,494,494,0,0.0,,/WAVE/projects2/CSEN-346-Sp26/Group3/TutorMind/Baseline-Experiments/LLaMA-ZeroShot/run002_ml_predictions.csv,2026-04-23T00:57:58
003,LLaMA-3.1-8B,Zero-shot,PG,PG,None,N/A,0.370827,0.352227,0.663058,0.791498,494,494,0,0.0,,/WAVE/projects2/CSEN-346-Sp26/Group3/TutorMind/Baseline-Experiments/LLaMA-ZeroShot/run003_pg_predictions.csv,2026-04-23T01:09:21
004,LLaMA-3.1-8B,Zero-shot,Act,Act,None,N/A,0.359872,0.348178,0.62652,0.720648,494,494,0,0.0,,/WAVE/projects2/CSEN-346-Sp26/Group3/TutorMind/Baseline-Experiments/LLaMA-ZeroShot/run004_act_predictions.csv,2026-04-23T01:22:48
005,LLaMA-3.1-8B,Zero-shot,MT,MI,None,N/A,0.499306,0.684211,0.696163,0.809717,494,494,0,0.0,,/WAVE/projects2/CSEN-346-Sp26/Group3/TutorMind/Baseline-Experiments/LLaMA-ZeroShot/run005_mt_predictions.csv,2026-04-23T01:25:25
005,LLaMA-3.1-8B,Zero-shot,MT,ML,None,N/A,0.206767,0.265182,0.521318,0.522267,494,494,0,0.0,,/WAVE/projects2/CSEN-346-Sp26/Group3/TutorMind/Baseline-Experiments/LLaMA-ZeroShot/run005_mt_predictions.csv,2026-04-23T01:25:25
005,LLaMA-3.1-8B,Zero-shot,MT,PG,None,N/A,0.373534,0.417004,0.590721,0.805668,494,494,0,0.0,,/WAVE/projects2/CSEN-346-Sp26/Group3/TutorMind/Baseline-Experiments/LLaMA-ZeroShot/run005_mt_predictions.csv,2026-04-23T01:25:25
005,LLaMA-3.1-8B,Zero-shot,MT,Act,None,N/A,0.298765,0.530364,0.506731,0.672065,494,494,0,0.0,,/WAVE/projects2/CSEN-346-Sp26/Group3/TutorMind/Baseline-Experiments/LLaMA-ZeroShot/run005_mt_predictions.csv,2026-04-23T01:25:25
006,LLaMA-3.1-8B,LoRA,MI,MI,None,N/A,0.659952,0.754647,0.868463,0.920074,538,538,0,0.0,,/WAVE/projects2/CSEN-346-Sp26/Group3/TutorMind/Baseline-Experiments/LORA/Llama-3.1-8B/outputs/run006_mi_predictions.csv,2026-04-23T14:43:51
007,LLaMA-3.1-8B,LoRA,ML,ML,None,N/A,0.440367,0.59919,0.723249,0.797571,494,494,0,0.0,,/WAVE/projects2/CSEN-346-Sp26/Group3/TutorMind/Baseline-Experiments/LORA/Llama-3.1-8B/outputs/run007_ml_predictions.csv,2026-04-23T14:44:05
008,LLaMA-3.1-8B,LoRA,PG,PG,None,N/A,0.466988,0.591093,0.730665,0.834008,494,494,0,0.0,,/WAVE/projects2/CSEN-346-Sp26/Group3/TutorMind/Baseline-Experiments/LORA/Llama-3.1-8B/outputs/run008_pg_predictions.csv,2026-04-23T14:44:15
009,LLaMA-3.1-8B,LoRA,Act,Act,None,N/A,0.587802,0.659919,0.780931,0.805668,494,494,0,0.0,,/WAVE/projects2/CSEN-346-Sp26/Group3/TutorMind/Baseline-Experiments/LORA/Llama-3.1-8B/outputs/run009_act_predictions.csv,2026-04-23T14:44:28
010,LLaMA-3.1-8B,LoRA,MT,MI,None,N/A,0.567189,0.854251,0.845544,0.923077,494,494,0,0.0,,/WAVE/projects2/CSEN-346-Sp26/Group3/TutorMind/Baseline-Experiments/LORA/Llama-3.1-8B/outputs/run010_mt_predictions.csv,2026-04-23T14:45:47
010,LLaMA-3.1-8B,LoRA,MT,ML,None,N/A,0.424037,0.643725,0.668951,0.722672,494,494,0,0.0,,/WAVE/projects2/CSEN-346-Sp26/Group3/TutorMind/Baseline-Experiments/LORA/Llama-3.1-8B/outputs/run010_mt_predictions.csv,2026-04-23T14:45:47
010,LLaMA-3.1-8B,LoRA,MT,PG,None,N/A,0.477407,0.595142,0.722911,0.842105,494,494,0,0.0,,/WAVE/projects2/CSEN-346-Sp26/Group3/TutorMind/Baseline-Experiments/LORA/Llama-3.1-8B/outputs/run010_mt_predictions.csv,2026-04-23T14:45:47
010,LLaMA-3.1-8B,LoRA,MT,Act,None,N/A,0.51113,0.688259,0.776681,0.809717,494,494,0,0.0,,/WAVE/projects2/CSEN-346-Sp26/Group3/TutorMind/Baseline-Experiments/LORA/Llama-3.1-8B/outputs/run010_mt_predictions.csv,2026-04-23T14:45:47
011,Mistral-7B,Zero-shot,MI,MI,None,N/A,0.516805,0.607807,0.7621,0.86803,538,538,0,0.0,,/WAVE/projects2/CSEN-346-Sp26/Group3/TutorMind/Scaling-Experiments/ZeroShot/Mistral-7B/outputs/20260422_165517/run_011_mistral7b_zeroshot_mi_predictions.csv,2026-04-22T16:56:31
012,Mistral-7B,Zero-shot,ML,ML,None,N/A,0.288375,0.332657,0.539262,0.726166,494,493,1,0.002024,316,/WAVE/projects2/CSEN-346-Sp26/Group3/TutorMind/Scaling-Experiments/ZeroShot/Mistral-7B/outputs/20260422_165517/run_012_mistral7b_zeroshot_ml_predictions.csv,2026-04-22T16:57:20
013,Mistral-7B,Zero-shot,PG,PG,None,N/A,0.3608,0.455285,0.518758,0.74187,494,492,2,0.004049,209;316,/WAVE/projects2/CSEN-346-Sp26/Group3/TutorMind/Scaling-Experiments/ZeroShot/Mistral-7B/outputs/20260422_165517/run_013_mistral7b_zeroshot_pg_predictions.csv,2026-04-22T16:58:11
014,Mistral-7B,Zero-shot,Act,Act,None,N/A,0.325626,0.346154,0.49447,0.601215,494,494,0,0.0,,/WAVE/projects2/CSEN-346-Sp26/Group3/TutorMind/Scaling-Experiments/ZeroShot/Mistral-7B/outputs/20260422_165517/run_014_mistral7b_zeroshot_act_predictions.csv,2026-04-22T16:59:01
015,Mistral-7B,Zero-shot,MT,MI,None,N/A,0.32937,0.769231,0.518595,0.850202,494,494,0,0.0,,/WAVE/projects2/CSEN-346-Sp26/Group3/TutorMind/Scaling-Experiments/ZeroShot/Mistral-7B/outputs/20260422_165517/run_015_mistral7b_zeroshot_mt_predictions.csv,2026-04-22T17:00:51
015,Mistral-7B,Zero-shot,MT,ML,None,N/A,0.296205,0.523422,0.482113,0.608961,494,491,3,0.006073,412;446;455,/WAVE/projects2/CSEN-346-Sp26/Group3/TutorMind/Scaling-Experiments/ZeroShot/Mistral-7B/outputs/20260422_165517/run_015_mistral7b_zeroshot_mt_predictions.csv,2026-04-22T17:00:51
015,Mistral-7B,Zero-shot,MT,PG,None,N/A,0.284183,0.482759,0.468668,0.772819,494,493,1,0.002024,446,/WAVE/projects2/CSEN-346-Sp26/Group3/TutorMind/Scaling-Experiments/ZeroShot/Mistral-7B/outputs/20260422_165517/run_015_mistral7b_zeroshot_mt_predictions.csv,2026-04-22T17:00:51
015,Mistral-7B,Zero-shot,MT,Act,None,N/A,0.23358,0.493902,0.410858,0.640244,494,492,2,0.004049,446;455,/WAVE/projects2/CSEN-346-Sp26/Group3/TutorMind/Scaling-Experiments/ZeroShot/Mistral-7B/outputs/20260422_165517/run_015_mistral7b_zeroshot_mt_predictions.csv,2026-04-22T17:00:51
016,Mistral-7B,LoRA,MI,MI,None,N/A,0.494201,0.630112,0.705634,0.864312,538,538,0,0.0,,/WAVE/projects2/CSEN-346-Sp26/Group3/TutorMind/Scaling-Experiments/LORA/Mistral-7B/outputs/20260422_165517/run_016_mistral7b_lora_mi_predictions.csv,2026-04-22T17:44:11
017,Mistral-7B,LoRA,ML,ML,None,N/A,0.339064,0.407708,0.569637,0.74645,494,493,1,0.002024,316,/WAVE/projects2/CSEN-346-Sp26/Group3/TutorMind/Scaling-Experiments/LORA/Mistral-7B/outputs/20260422_165517/run_017_mistral7b_lora_ml_predictions.csv,2026-04-22T18:24:43
018,Mistral-7B,LoRA,PG,PG,None,N/A,0.37356,0.515213,0.524583,0.736308,494,493,1,0.002024,316,/WAVE/projects2/CSEN-346-Sp26/Group3/TutorMind/Scaling-Experiments/LORA/Mistral-7B/outputs/20260422_165517/run_018_mistral7b_lora_pg_predictions.csv,2026-04-22T19:05:16
019,Mistral-7B,LoRA,Act,Act,None,N/A,0.305321,0.352227,0.470171,0.591093,494,494,0,0.0,,/WAVE/projects2/CSEN-346-Sp26/Group3/TutorMind/Scaling-Experiments/LORA/Mistral-7B/outputs/20260422_165517/run_019_mistral7b_lora_act_predictions.csv,2026-04-22T19:45:47
020,Mistral-7B,LoRA,MT,MI,None,N/A,0.305017,0.763158,0.48315,0.846154,494,494,0,0.0,,/WAVE/projects2/CSEN-346-Sp26/Group3/TutorMind/Scaling-Experiments/LORA/Mistral-7B/outputs/20260422_165517/run_020_mistral7b_lora_mt_predictions.csv,2026-04-22T20:30:16
020,Mistral-7B,LoRA,MT,ML,None,N/A,0.301889,0.536437,0.489723,0.621457,494,494,0,0.0,,/WAVE/projects2/CSEN-346-Sp26/Group3/TutorMind/Scaling-Experiments/LORA/Mistral-7B/outputs/20260422_165517/run_020_mistral7b_lora_mt_predictions.csv,2026-04-22T20:30:16
020,Mistral-7B,LoRA,MT,PG,None,N/A,0.300295,0.502024,0.467891,0.771255,494,494,0,0.0,,/WAVE/projects2/CSEN-346-Sp26/Group3/TutorMind/Scaling-Experiments/LORA/Mistral-7B/outputs/20260422_165517/run_020_mistral7b_lora_mt_predictions.csv,2026-04-22T20:30:16
020,Mistral-7B,LoRA,MT,Act,None,N/A,0.24033,0.495951,0.420983,0.6417,494,494,0,0.0,,/WAVE/projects2/CSEN-346-Sp26/Group3/TutorMind/Scaling-Experiments/LORA/Mistral-7B/outputs/20260422_165517/run_020_mistral7b_lora_mt_predictions.csv,2026-04-22T20:30:16
021,Qwen3-14B,ZeroShot,MI,MI,None,OFF,0.621703,0.737918,0.774725,0.884758,538,538,0,0.0,,/WAVE/projects2/CSEN-346-Sp26/Group3/TutorMind/Scaling-Experiments/ZeroShot/Qwen3_14B/predictions/run_021_mi_predictions.csv,2026-04-30T15:31:31
022,Qwen3-14B,ZeroShot,ML,ML,None,OFF,0.460589,0.524291,0.681332,0.751012,494,494,0,0.0,,/WAVE/projects2/CSEN-346-Sp26/Group3/TutorMind/Scaling-Experiments/ZeroShot/Qwen3_14B/predictions/run_022_ml_predictions.csv,2026-04-30T15:31:43
023,Qwen3-14B,ZeroShot,PG,PG,None,OFF,0.45014,0.491903,0.633168,0.781377,494,494,0,0.0,,/WAVE/projects2/CSEN-346-Sp26/Group3/TutorMind/Scaling-Experiments/ZeroShot/Qwen3_14B/predictions/run_023_pg_predictions.csv,2026-04-30T15:37:58
024,Qwen3-14B,ZeroShot,Act,Act,None,OFF,0.379127,0.374494,0.620389,0.708502,494,494,0,0.0,,/WAVE/projects2/CSEN-346-Sp26/Group3/TutorMind/Scaling-Experiments/ZeroShot/Qwen3_14B/predictions/run_024_act_predictions.csv,2026-04-30T15:38:09
025,Qwen3-14B,ZeroShot,MT,MI,None,OFF,0.478161,0.682186,0.699001,0.819838,494,494,0,0.0,,/WAVE/projects2/CSEN-346-Sp26/Group3/TutorMind/Scaling-Experiments/ZeroShot/Qwen3_14B/predictions/run_025_mt_predictions.csv,2026-04-30T15:42:52
025,Qwen3-14B,ZeroShot,MT,ML,None,OFF,0.418221,0.47166,0.577692,0.591093,494,494,0,0.0,,/WAVE/projects2/CSEN-346-Sp26/Group3/TutorMind/Scaling-Experiments/ZeroShot/Qwen3_14B/predictions/run_025_mt_predictions.csv,2026-04-30T15:42:52
025,Qwen3-14B,ZeroShot,MT,PG,None,OFF,0.405013,0.374494,0.71778,0.821862,494,494,0,0.0,,/WAVE/projects2/CSEN-346-Sp26/Group3/TutorMind/Scaling-Experiments/ZeroShot/Qwen3_14B/predictions/run_025_mt_predictions.csv,2026-04-30T15:42:52
025,Qwen3-14B,ZeroShot,MT,Act,None,OFF,0.36826,0.522267,0.576559,0.603239,494,494,0,0.0,,/WAVE/projects2/CSEN-346-Sp26/Group3/TutorMind/Scaling-Experiments/ZeroShot/Qwen3_14B/predictions/run_025_mt_predictions.csv,2026-04-30T15:42:52
026,Qwen3-14B,LoRA,MI,MI,None,OFF,0.717085,0.815985,0.88855,0.936803,538,538,0,0.0,,/WAVE/projects2/CSEN-346-Sp26/Group3/TutorMind/Scaling-Experiments/LORA/Qwen3_14B/run026.csv,2026-04-30T16:54:13
027,Qwen3-14B,LoRA,ML,ML,None,OFF,0.483845,0.674089,0.741646,0.791498,494,494,0,0.0,,/WAVE/projects2/CSEN-346-Sp26/Group3/TutorMind/Scaling-Experiments/LORA/Qwen3_14B/run027.csv,2026-04-30T16:54:20
028,Qwen3-14B,LoRA,PG,PG,None,OFF,0.517289,0.58502,0.739968,0.825911,494,494,0,0.0,,/WAVE/projects2/CSEN-346-Sp26/Group3/TutorMind/Scaling-Experiments/LORA/Qwen3_14B/run028.csv,2026-04-30T17:43:58
029,Qwen3-14B,LoRA,Act,Act,None,OFF,0.598016,0.710526,0.81512,0.838057,494,494,0,0.0,,/WAVE/projects2/CSEN-346-Sp26/Group3/TutorMind/Scaling-Experiments/LORA/Qwen3_14B/run029.csv,2026-04-30T17:44:12
030,Qwen3-14B,LoRA,MT,MI,None,OFF,0.602371,0.838057,0.808129,0.88664,494,494,0,0.0,,/WAVE/projects2/CSEN-346-Sp26/Group3/TutorMind/Scaling-Experiments/LORA/Qwen3_14B/run030.csv,2026-04-30T17:50:30
030,Qwen3-14B,LoRA,MT,ML,None,OFF,0.453918,0.680162,0.697331,0.738866,494,494,0,0.0,,/WAVE/projects2/CSEN-346-Sp26/Group3/TutorMind/Scaling-Experiments/LORA/Qwen3_14B/run030.csv,2026-04-30T17:50:30
030,Qwen3-14B,LoRA,MT,PG,None,OFF,0.496568,0.62753,0.730696,0.811741,494,494,0,0.0,,/WAVE/projects2/CSEN-346-Sp26/Group3/TutorMind/Scaling-Experiments/LORA/Qwen3_14B/run030.csv,2026-04-30T17:50:30
030,Qwen3-14B,LoRA,MT,Act,None,OFF,0.621012,0.738866,0.83717,0.854251,494,494,0,0.0,,/WAVE/projects2/CSEN-346-Sp26/Group3/TutorMind/Scaling-Experiments/LORA/Qwen3_14B/run030.csv,2026-04-30T17:50:30
031,Gemma3-12B,Zero-shot,MI,MI,None,N/A,0.558241,0.611524,0.776148,0.879182,538,538,0,0.0,,/WAVE/projects2/CSEN-346-Sp26/Group3/TutorMind/Scaling-Experiments/ZeroShot/Gemma3-12B/run031_mi_predictions.csv,2026-04-22T17:23:05
032,Gemma3-12B,Zero-shot,ML,ML,None,N/A,0.492044,0.609312,0.679496,0.785425,494,494,0,0.0,,/WAVE/projects2/CSEN-346-Sp26/Group3/TutorMind/Scaling-Experiments/ZeroShot/Gemma3-12B/run032_ml_predictions.csv,2026-04-22T17:23:13
033,Gemma3-12B,Zero-shot,PG,PG,None,N/A,0.530678,0.578947,0.713124,0.838057,494,494,0,0.0,,/WAVE/projects2/CSEN-346-Sp26/Group3/TutorMind/Scaling-Experiments/ZeroShot/Gemma3-12B/run033_pg_predictions.csv,2026-04-22T17:23:18
034,Gemma3-12B,Zero-shot,Act,Act,None,N/A,0.424631,0.435223,0.625758,0.724696,494,494,0,0.0,,/WAVE/projects2/CSEN-346-Sp26/Group3/TutorMind/Scaling-Experiments/ZeroShot/Gemma3-12B/run034_act_predictions.csv,2026-04-22T17:23:22
035,Gemma3-12B,Zero-shot,MT,MI,None,N/A,0.476275,0.783401,0.727951,0.842105,494,494,0,0.0,,/WAVE/projects2/CSEN-346-Sp26/Group3/TutorMind/Scaling-Experiments/ZeroShot/Gemma3-12B/run035_mt_predictions.csv,2026-04-22T17:23:28
035,Gemma3-12B,Zero-shot,MT,ML,None,N/A,0.441045,0.580972,0.603079,0.623482,494,494,0,0.0,,/WAVE/projects2/CSEN-346-Sp26/Group3/TutorMind/Scaling-Experiments/ZeroShot/Gemma3-12B/run035_mt_predictions.csv,2026-04-22T17:23:28
035,Gemma3-12B,Zero-shot,MT,PG,None,N/A,0.418281,0.392713,0.723365,0.809717,494,494,0,0.0,,/WAVE/projects2/CSEN-346-Sp26/Group3/TutorMind/Scaling-Experiments/ZeroShot/Gemma3-12B/run035_mt_predictions.csv,2026-04-22T17:23:28
035,Gemma3-12B,Zero-shot,MT,Act,None,N/A,0.432555,0.605263,0.677003,0.734818,494,494,0,0.0,,/WAVE/projects2/CSEN-346-Sp26/Group3/TutorMind/Scaling-Experiments/ZeroShot/Gemma3-12B/run035_mt_predictions.csv,2026-04-22T17:23:28
036,Gemma3-12B,LoRA,MI,MI,None,N/A,0.750048,0.869888,0.894779,0.936803,538,538,0,0.0,,/WAVE/projects2/CSEN-346-Sp26/Group3/TutorMind/Scaling-Experiments/LORA-Gemma3-12B/run036_mi_predictions.csv,2026-04-22T17:23:43
037,Gemma3-12B,LoRA,ML,ML,None,N/A,0.502154,0.734818,0.760453,0.781377,494,494,0,0.0,,/WAVE/projects2/CSEN-346-Sp26/Group3/TutorMind/Scaling-Experiments/LORA-Gemma3-12B/run037_ml_predictions.csv,2026-04-22T17:57:45
038,Gemma3-12B,LoRA,PG,PG,None,N/A,0.576248,0.702429,0.788959,0.856275,494,494,0,0.0,,/WAVE/projects2/CSEN-346-Sp26/Group3/TutorMind/Scaling-Experiments/LORA-Gemma3-12B/run038_pg_predictions.csv,2026-04-22T17:57:56
039,Gemma3-12B,LoRA,Act,Act,None,N/A,0.691997,0.775304,0.882821,0.890688,494,494,0,0.0,,/WAVE/projects2/CSEN-346-Sp26/Group3/TutorMind/Scaling-Experiments/LORA-Gemma3-12B/run039_act_predictions.csv,2026-04-22T18:42:42
040,Gemma3-12B,LoRA,MT,MI,None,N/A,0.589604,0.854251,0.855025,0.917004,494,494,0,0.0,,/WAVE/projects2/CSEN-346-Sp26/Group3/TutorMind/Scaling-Experiments/LORA-Gemma3-12B/run040_mt_predictions.csv,2026-04-22T21:21:18
040,Gemma3-12B,LoRA,MT,ML,None,N/A,0.516657,0.759109,0.777176,0.831984,494,494,0,0.0,,/WAVE/projects2/CSEN-346-Sp26/Group3/TutorMind/Scaling-Experiments/LORA-Gemma3-12B/run040_mt_predictions.csv,2026-04-22T21:21:18
040,Gemma3-12B,LoRA,MT,PG,None,N/A,0.494348,0.684211,0.77341,0.842105,494,494,0,0.0,,/WAVE/projects2/CSEN-346-Sp26/Group3/TutorMind/Scaling-Experiments/LORA-Gemma3-12B/run040_mt_predictions.csv,2026-04-22T21:21:18
040,Gemma3-12B,LoRA,MT,Act,None,N/A,0.56702,0.759109,0.873564,0.882591,494,494,0,0.0,,/WAVE/projects2/CSEN-346-Sp26/Group3/TutorMind/Scaling-Experiments/LORA-Gemma3-12B/run040_mt_predictions.csv,2026-04-22T21:21:18
041,Gemma3-27B,Zero-shot,MI,MI,None,N/A,0.57701,0.710037,0.744363,0.877323,538,538,0,0.0,,/WAVE/projects2/CSEN-346-Sp26/Group3/TutorMind/Scaling-Experiments/ZeroShot/Gemma3-27B/run041_mi_predictions.csv,2026-04-29T21:41:07
042,Gemma3-27B,Zero-shot,ML,ML,None,N/A,0.462004,0.532389,0.664506,0.769231,494,494,0,0.0,,/WAVE/projects2/CSEN-346-Sp26/Group3/TutorMind/Scaling-Experiments/ZeroShot/Gemma3-27B/run042_ml_predictions.csv,2026-04-29T21:41:20
043,Gemma3-27B,Zero-shot,PG,PG,None,N/A,0.492014,0.558704,0.676233,0.819838,494,494,0,0.0,,/WAVE/projects2/CSEN-346-Sp26/Group3/TutorMind/Scaling-Experiments/ZeroShot/Gemma3-27B/run043_pg_predictions.csv,2026-04-29T21:41:29
044,Gemma3-27B,Zero-shot,Act,Act,None,N/A,0.497817,0.518219,0.664402,0.744939,494,494,0,0.0,,/WAVE/projects2/CSEN-346-Sp26/Group3/TutorMind/Scaling-Experiments/ZeroShot/Gemma3-27B/run044_act_predictions.csv,2026-04-29T21:41:38
045,Gemma3-27B,Zero-shot,MT,MI,None,N/A,0.51464,0.797571,0.758659,0.882591,494,494,0,0.0,,/WAVE/projects2/CSEN-346-Sp26/Group3/TutorMind/Scaling-Experiments/ZeroShot/Gemma3-27B/run045_mt_predictions.csv,2026-04-29T21:48:23
045,Gemma3-27B,Zero-shot,MT,ML,None,N/A,0.497484,0.611336,0.663021,0.765182,494,494,0,0.0,,/WAVE/projects2/CSEN-346-Sp26/Group3/TutorMind/Scaling-Experiments/ZeroShot/Gemma3-27B/run045_mt_predictions.csv,2026-04-29T21:48:23
045,Gemma3-27B,Zero-shot,MT,PG,None,N/A,0.494987,0.504049,0.7257,0.840081,494,494,0,0.0,,/WAVE/projects2/CSEN-346-Sp26/Group3/TutorMind/Scaling-Experiments/ZeroShot/Gemma3-27B/run045_mt_predictions.csv,2026-04-29T21:48:23
045,Gemma3-27B,Zero-shot,MT,Act,None,N/A,0.421285,0.619433,0.676431,0.738866,494,494,0,0.0,,/WAVE/projects2/CSEN-346-Sp26/Group3/TutorMind/Scaling-Experiments/ZeroShot/Gemma3-27B/run045_mt_predictions.csv,2026-04-29T21:48:23
046,Gemma3-27B,LoRA,MI,MI,None,N/A,0.303226,0.330855,0.488294,0.613383,538,538,0,0.0,,/WAVE/projects2/CSEN-346-Sp26/Group3/TutorMind/Scaling-Experiments/LORA/Gemma3-27B/run046_fixed.csv,2026-04-30T11:35:41
047,Gemma3-27B,LoRA,ML,ML,None,N/A,0.213697,0.336032,0.337938,0.368421,494,494,0,0.0,,/WAVE/projects2/CSEN-346-Sp26/Group3/TutorMind/Scaling-Experiments/LORA/Gemma3-27B/run047_fixed.csv,2026-04-30T11:35:51
048,Gemma3-27B,LoRA,PG,PG,None,N/A,0.535002,0.572008,0.744296,0.815416,494,493,1,0.002024,316,/WAVE/projects2/CSEN-346-Sp26/Group3/TutorMind/Scaling-Experiments/LORA/Gemma3-27B/run048_fixed.csv,2026-04-30T15:04:50
049,Gemma3-27B,LoRA,Act,Act,None,N/A,0.645238,0.769231,0.86918,0.876518,494,494,0,0.0,,/WAVE/projects2/CSEN-346-Sp26/Group3/TutorMind/Scaling-Experiments/LORA/Gemma3-27B/run049_fixed.csv,2026-04-30T15:14:04
050,Gemma3-27B,LoRA,MT,MI,None,N/A,0.597633,0.856275,0.875082,0.92915,494,494,0,0.0,,/WAVE/projects2/CSEN-346-Sp26/Group3/TutorMind/Scaling-Experiments/LORA/Gemma3-27B/run050.csv,2026-04-30T16:53:04
050,Gemma3-27B,LoRA,MT,ML,None,N/A,0.517145,0.744939,0.78476,0.825911,494,494,0,0.0,,/WAVE/projects2/CSEN-346-Sp26/Group3/TutorMind/Scaling-Experiments/LORA/Gemma3-27B/run050.csv,2026-04-30T16:53:04
050,Gemma3-27B,LoRA,MT,PG,None,N/A,0.524445,0.672065,0.768366,0.836032,494,494,0,0.0,,/WAVE/projects2/CSEN-346-Sp26/Group3/TutorMind/Scaling-Experiments/LORA/Gemma3-27B/run050.csv,2026-04-30T16:53:04
050,Gemma3-27B,LoRA,MT,Act,None,N/A,0.64376,0.781377,0.887659,0.894737,494,494,0,0.0,,/WAVE/projects2/CSEN-346-Sp26/Group3/TutorMind/Scaling-Experiments/LORA/Gemma3-27B/run050.csv,2026-04-30T16:53:04
051,Qwen3-14B,ZeroShot,MI,MI,None,ON,0.518446,0.601504,0.682005,0.755639,538,532,6,0.011152,11;14;18;19;314;425,/WAVE/projects2/CSEN-346-Sp26/Group3/TutorMind/CoT-Experiments/ZeroShot/Qwen3_14B/run051_mi.csv,2026-05-05T17:45:04
052,Qwen3-14B,ZeroShot,ML,ML,None,ON,0.459294,0.563525,0.675028,0.704918,494,488,6,0.012146,8;9;14;81;219;319,/WAVE/projects2/CSEN-346-Sp26/Group3/TutorMind/CoT-Experiments/ZeroShot/Qwen3_14B/run052_ml.csv,2026-05-05T11:28:05
053,Qwen3-14B,ZeroShot,PG,PG,None,ON,0.447699,0.487654,0.651749,0.728395,494,486,8,0.016194,10;12;14;30;31;87;287;420,/WAVE/projects2/CSEN-346-Sp26/Group3/TutorMind/CoT-Experiments/ZeroShot/Qwen3_14B/run053_pg.csv,2026-05-05T11:28:13
054,Qwen3-14B,ZeroShot,Act,Act,None,ON,0.366085,0.36714,0.579235,0.63286,494,493,1,0.002024,472,/WAVE/projects2/CSEN-346-Sp26/Group3/TutorMind/CoT-Experiments/ZeroShot/Qwen3_14B/run054_act.csv,2026-05-05T11:28:26
056,Qwen3-14B,LoRA,MI,MI,None,ON,0.21762,0.316159,0.337317,0.351288,538,427,111,0.20632,60;68;70;73;74;77;78;80;84;87;88;89;90;138;139;143;145;146;147;168;170;171;174;178;181;182;184;185;224;256;257;259;260;263;267;269;272;274;275;276;277;278;280;302;304;306;307;316;318;319;320;321;323;339;342;343;344;346;348;350;351;360;361;362;363;364;365;366;367;370;373;375;377;378;380;385;404;405;407;409;410;413;416;418;420;422;423;425;430;431;432;433;436;437;439;440;442;445;449;451;452;461;462;463;464;465;467;468;479;481;482,/WAVE/projects2/CSEN-346-Sp26/Group3/TutorMind/CoT-Experiments/LORA/Qwen3_14B/run056_mi.csv,2026-05-05T18:45:43
057,Qwen3-14B,LoRA,ML,ML,None,ON,0.283355,0.406566,0.436836,0.436869,494,396,98,0.198381,50;55;58;63;64;67;68;70;74;78;79;80;122;123;129;148;152;153;154;155;156;158;161;162;164;165;200;205;230;231;233;234;237;241;243;246;248;249;250;251;253;254;274;278;279;288;290;292;295;308;314;315;316;318;319;320;330;331;332;333;336;337;339;340;343;345;347;348;350;375;377;378;382;384;386;389;394;395;396;397;400;401;403;404;406;410;411;421;422;423;424;425;427;428;439;441;442;445,/WAVE/projects2/CSEN-346-Sp26/Group3/TutorMind/CoT-Experiments/LORA/Qwen3_14B/run057_ml.csv,2026-05-05T14:09:53
058,Qwen3-14B,LoRA,PG,PG,None,ON,0.236658,0.319588,0.376277,0.378866,494,388,106,0.214575,50;60;64;67;68;70;74;77;78;79;80;122;123;124;127;129;136;150;152;153;154;155;156;157;158;161;162;164;165;200;204;205;230;231;233;234;237;241;243;248;249;251;252;254;274;288;290;291;292;293;295;310;311;314;315;316;318;319;320;321;330;331;332;333;335;336;337;339;340;342;343;345;347;349;350;372;373;374;375;377;378;382;384;386;388;389;391;395;396;397;400;401;403;404;406;407;410;411;421;422;423;425;427;428;439;445,/WAVE/projects2/CSEN-346-Sp26/Group3/TutorMind/CoT-Experiments/LORA/Qwen3_14B/run058_pg.csv,2026-05-05T14:09:58
059,Qwen3-14B,LoRA,Act,Act,None,ON,0.285471,0.401015,0.430003,0.431472,494,394,100,0.202429,50;52;58;60;68;70;74;77;78;79;122;123;127;129;148;150;152;153;154;156;158;161;162;164;165;200;204;230;231;233;234;237;241;243;246;248;249;250;251;252;274;276;278;288;290;291;292;293;295;311;314;315;316;318;319;320;330;331;333;335;336;337;339;340;345;347;349;350;352;372;373;374;375;378;382;384;386;388;389;394;395;396;400;401;404;406;407;410;411;421;422;423;424;425;427;428;439;441;443;445,/WAVE/projects2/CSEN-346-Sp26/Group3/TutorMind/CoT-Experiments/LORA/Qwen3_14B/run059_act.csv,2026-05-05T17:59:56
061,LLaMA-3.1-8B,LoRA,MI,MI,Qwen3-Gen,N/A,0.625486,0.724907,0.820624,0.8829,538,538,0,0.0,,/WAVE/projects2/CSEN-346-Sp26/Group3/TutorMind/Baseline-Experiments/LORA/LLaMA-3.1-8B/run061_mi.csv,2026-05-06T20:50:40
062,LLaMA-3.1-8B,LoRA,ML,ML,Qwen3-Gen,N/A,0.440699,0.593117,0.713124,0.785425,494,494,0,0.0,,/WAVE/projects2/CSEN-346-Sp26/Group3/TutorMind/Baseline-Experiments/LORA/LLaMA-3.1-8B/run062_ml.csv,2026-05-06T20:51:25
063,LLaMA-3.1-8B,LoRA,PG,PG,Qwen3-Gen,N/A,0.484833,0.587045,0.737296,0.840081,494,494,0,0.0,,/WAVE/projects2/CSEN-346-Sp26/Group3/TutorMind/DataAugmentation-Experiments/LORA/Llama/run063_pg.csv,2026-05-06T21:40:48
064,LLaMA-3.1-8B,LoRA,Act,Act,Qwen3-Gen,N/A,0.55258,0.615385,0.775148,0.797571,494,494,0,0.0,,/WAVE/projects2/CSEN-346-Sp26/Group3/TutorMind/DataAugmentation-Experiments/LORA/Llama/run064_act.csv,2026-05-06T21:43:20
065,LLaMA-3.1-8B,LoRA,MT,MI,Qwen3-Gen,N/A,0.554969,0.852227,0.85066,0.923077,494,494,0,0.0,,/WAVE/projects2/CSEN-346-Sp26/Group3/TutorMind/DataAugmentation-Experiments/LORA/Llama/run065_mt.csv,2026-05-06T22:42:03
065,LLaMA-3.1-8B,LoRA,MT,ML,Qwen3-Gen,N/A,0.419139,0.633603,0.663161,0.714575,494,494,0,0.0,,/WAVE/projects2/CSEN-346-Sp26/Group3/TutorMind/DataAugmentation-Experiments/LORA/Llama/run065_mt.csv,2026-05-06T22:42:03
065,LLaMA-3.1-8B,LoRA,MT,PG,Qwen3-Gen,N/A,0.487089,0.601215,0.739457,0.840081,494,494,0,0.0,,/WAVE/projects2/CSEN-346-Sp26/Group3/TutorMind/DataAugmentation-Experiments/LORA/Llama/run065_mt.csv,2026-05-06T22:42:03
065,LLaMA-3.1-8B,LoRA,MT,Act,Qwen3-Gen,N/A,0.483339,0.682186,0.770464,0.801619,494,494,0,0.0,,/WAVE/projects2/CSEN-346-Sp26/Group3/TutorMind/DataAugmentation-Experiments/LORA/Llama/run065_mt.csv,2026-05-06T22:42:03
066,Mistral-7B,LoRA,MI,MI,Qwen3-Gen,N/A,0.505538,0.579926,0.688233,0.747212,538,538,0,0.0,,/WAVE/projects2/CSEN-346-Sp26/Group3/TutorMind/DataAugmentation-Experiments/LORA/Mistral/run066_mi.csv,2026-05-07T01:19:14
067,Mistral-7B,LoRA,ML,ML,Qwen3-Gen,N/A,0.336742,0.425101,0.575601,0.595142,494,494,0,0.0,,/WAVE/projects2/CSEN-346-Sp26/Group3/TutorMind/DataAugmentation-Experiments/LORA/Mistral/run067_ml.csv,2026-05-07T01:19:31
068,Mistral-7B,LoRA,PG,PG,Qwen3-Gen,N/A,0.398862,0.45749,0.609523,0.661943,494,494,0,0.0,,/WAVE/projects2/CSEN-346-Sp26/Group3/TutorMind/DataAugmentation-Experiments/LORA/Mistral/run068_pg.csv,2026-05-07T02:00:15
069,Mistral-7B,LoRA,Act,Act,Qwen3-Gen,N/A,0.427852,0.508097,0.601798,0.607287,494,494,0,0.0,,/WAVE/projects2/CSEN-346-Sp26/Group3/TutorMind/DataAugmentation-Experiments/LORA/Mistral/run069_act.csv,2026-05-07T02:00:24
070,Mistral-7B,LoRA,MT,MI,Qwen3-Gen,N/A,0.483576,0.703854,0.715546,0.807302,494,493,1,0.002024,209,/WAVE/projects2/CSEN-346-Sp26/Group3/TutorMind/DataAugmentation-Experiments/LORA/Mistral/run070_mt.csv,2026-05-07T14:57:13
070,Mistral-7B,LoRA,MT,ML,Qwen3-Gen,N/A,0.448532,0.539554,0.634592,0.655172,494,493,1,0.002024,209,/WAVE/projects2/CSEN-346-Sp26/Group3/TutorMind/DataAugmentation-Experiments/LORA/Mistral/run070_mt.csv,2026-05-07T14:57:13
070,Mistral-7B,LoRA,MT,PG,Qwen3-Gen,N/A,0.500009,0.523327,0.732733,0.837728,494,493,1,0.002024,209,/WAVE/projects2/CSEN-346-Sp26/Group3/TutorMind/DataAugmentation-Experiments/LORA/Mistral/run070_mt.csv,2026-05-07T14:57:13
070,Mistral-7B,LoRA,MT,Act,Qwen3-Gen,N/A,0.484043,0.565923,0.67051,0.740365,494,493,1,0.002024,209,/WAVE/projects2/CSEN-346-Sp26/Group3/TutorMind/DataAugmentation-Experiments/LORA/Mistral/run070_mt.csv,2026-05-07T14:57:13
071,Qwen3-14B,LoRA,MI,MI,Qwen3-Gen,OFF,0.695929,0.815985,0.857642,0.914498,538,538,0,0.0,,/WAVE/projects2/CSEN-346-Sp26/Group3/TutorMind/DataAugmentation-Experiments/LORA/Qwen3-14B/run071_mi.csv,2026-05-07T17:08:41
072,Qwen3-14B,LoRA,ML,ML,Qwen3-Gen,OFF,0.474486,0.6417,0.717956,0.757085,494,494,0,0.0,,/WAVE/projects2/CSEN-346-Sp26/Group3/TutorMind/DataAugmentation-Experiments/LORA/Qwen3-14B/run072_ml.csv,2026-05-07T17:08:56
073,Qwen3-14B,LoRA,PG,PG,Qwen3-Gen,OFF,0.498469,0.615385,0.737214,0.819838,494,494,0,0.0,,/WAVE/projects2/CSEN-346-Sp26/Group3/TutorMind/DataAugmentation-Experiments/LORA/Qwen3-14B/run073_pg.csv,2026-05-07T17:09:04
074,Qwen3-14B,LoRA,Act,Act,Qwen3-Gen,OFF,0.568683,0.684211,0.813685,0.82996,494,494,0,0.0,,/WAVE/projects2/CSEN-346-Sp26/Group3/TutorMind/DataAugmentation-Experiments/LORA/Qwen3-14B/run074_act.csv,2026-05-07T18:15:34
075,Qwen3-14B,LoRA,MT,MI,Qwen3-Gen,OFF,0.54988,0.842105,0.839391,0.908907,494,494,0,0.0,,/WAVE/projects2/CSEN-346-Sp26/Group3/TutorMind/DataAugmentation-Experiments/LORA/Qwen3-14B/run075_mt.csv,2026-05-07T18:31:24
075,Qwen3-14B,LoRA,MT,ML,Qwen3-Gen,OFF,0.489913,0.696356,0.716169,0.763158,494,494,0,0.0,,/WAVE/projects2/CSEN-346-Sp26/Group3/TutorMind/DataAugmentation-Experiments/LORA/Qwen3-14B/run075_mt.csv,2026-05-07T18:31:24
075,Qwen3-14B,LoRA,MT,PG,Qwen3-Gen,OFF,0.531639,0.659919,0.754403,0.82996,494,494,0,0.0,,/WAVE/projects2/CSEN-346-Sp26/Group3/TutorMind/DataAugmentation-Experiments/LORA/Qwen3-14B/run075_mt.csv,2026-05-07T18:31:24
075,Qwen3-14B,LoRA,MT,Act,Qwen3-Gen,OFF,0.570813,0.738866,0.845504,0.860324,494,494,0,0.0,,/WAVE/projects2/CSEN-346-Sp26/Group3/TutorMind/DataAugmentation-Experiments/LORA/Qwen3-14B/run075_mt.csv,2026-05-07T18:31:24
076,Gemma3-12B,LoRA,MI,MI,Qwen3-Gen,N/A,0.734747,0.85316,0.858575,0.908922,538,538,0,0.0,,/WAVE/projects2/CSEN-346-Sp26/Group3/TutorMind/DataAugmentation-Experiments/LORA/Gemma3-12B/run076_mi.csv,2026-05-07T23:26:32
077,Gemma3-12B,LoRA,ML,ML,Qwen3-Gen,N/A,0.526349,0.724696,0.76365,0.801619,494,494,0,0.0,,/WAVE/projects2/CSEN-346-Sp26/Group3/TutorMind/DataAugmentation-Experiments/LORA/Gemma3-12B/run077_ml.csv,2026-05-07T23:26:47
078,Gemma3-12B,LoRA,PG,PG,Qwen3-Gen,N/A,0.548137,0.668016,0.762403,0.836032,494,494,0,0.0,,/WAVE/projects2/CSEN-346-Sp26/Group3/TutorMind/DataAugmentation-Experiments/LORA/Gemma3-12B/run078_pg.csv,2026-05-07T23:27:07
079,Gemma3-12B,LoRA,Act,Act,Qwen3-Gen,N/A,0.579847,0.649798,0.863158,0.870445,494,494,0,0.0,,/WAVE/projects2/CSEN-346-Sp26/Group3/TutorMind/DataAugmentation-Experiments/LORA/Gemma3-12B/run079_act.csv,2026-05-08T00:36:38
080,Gemma3-12B,LoRA,MT,MI,Qwen3-Gen,N/A,0.572159,0.825911,0.847947,0.91498,494,494,0,0.0,,/WAVE/projects2/CSEN-346-Sp26/Group3/TutorMind/DataAugmentation-Experiments/LORA/Gemma3-12B/run080_mt.csv,2026-05-08T01:02:46
080,Gemma3-12B,LoRA,MT,ML,Qwen3-Gen,N/A,0.510665,0.742915,0.779272,0.834008,494,494,0,0.0,,/WAVE/projects2/CSEN-346-Sp26/Group3/TutorMind/DataAugmentation-Experiments/LORA/Gemma3-12B/run080_mt.csv,2026-05-08T01:02:46
080,Gemma3-12B,LoRA,MT,PG,Qwen3-Gen,N/A,0.491966,0.67004,0.75493,0.831984,494,494,0,0.0,,/WAVE/projects2/CSEN-346-Sp26/Group3/TutorMind/DataAugmentation-Experiments/LORA/Gemma3-12B/run080_mt.csv,2026-05-08T01:02:46
080,Gemma3-12B,LoRA,MT,Act,Qwen3-Gen,N/A,0.600174,0.748988,0.879388,0.888664,494,494,0,0.0,,/WAVE/projects2/CSEN-346-Sp26/Group3/TutorMind/DataAugmentation-Experiments/LORA/Gemma3-12B/run080_mt.csv,2026-05-08T01:02:46
081,Gemma3-27B,LoRA,MI,MI,Qwen3-Gen,N/A,0.748189,0.856877,0.873442,0.918216,538,538,0,0.0,,/WAVE/projects2/CSEN-346-Sp26/Group3/TutorMind/DataAugmentation-Experiments/LORA/Gemma3-27B/run081_mi.csv,2026-05-08T08:21:04
082,Gemma3-27B,LoRA,ML,ML,Qwen3-Gen,N/A,0.512738,0.738866,0.763288,0.797571,494,494,0,0.0,,/WAVE/projects2/CSEN-346-Sp26/Group3/TutorMind/DataAugmentation-Experiments/LORA/Gemma3-27B/run082_ml.csv,2026-05-08T08:03:52
083,Gemma3-27B,LoRA,PG,PG,Qwen3-Gen,N/A,0.571609,0.653846,0.786701,0.854251,494,494,0,0.0,,/WAVE/projects2/CSEN-346-Sp26/Group3/TutorMind/DataAugmentation-Experiments/LORA/Gemma3-27B/run083_pg.csv,2026-05-08T08:08:37
084,Gemma3-27B,LoRA,Act,Act,Qwen3-Gen,N/A,0.582922,0.661943,0.84844,0.8583,494,494,0,0.0,,/WAVE/projects2/CSEN-346-Sp26/Group3/TutorMind/DataAugmentation-Experiments/LORA/Gemma3-27B/run084_act.csv,2026-05-08T19:23:57
085,Gemma3-27B,LoRA,MT,MI,Qwen3-Gen,N/A,0.600033,0.852227,0.85635,0.917004,494,494,0,0.0,,/WAVE/projects2/CSEN-346-Sp26/Group3/TutorMind/DataAugmentation-Experiments/LORA/Gemma3-27B/run085_mt.csv,2026-05-08T20:30:32
085,Gemma3-27B,LoRA,MT,ML,Qwen3-Gen,N/A,0.504469,0.744939,0.78056,0.819838,494,494,0,0.0,,/WAVE/projects2/CSEN-346-Sp26/Group3/TutorMind/DataAugmentation-Experiments/LORA/Gemma3-27B/run085_mt.csv,2026-05-08T20:30:32
085,Gemma3-27B,LoRA,MT,PG,Qwen3-Gen,N/A,0.526198,0.668016,0.762708,0.827935,494,494,0,0.0,,/WAVE/projects2/CSEN-346-Sp26/Group3/TutorMind/DataAugmentation-Experiments/LORA/Gemma3-27B/run085_mt.csv,2026-05-08T20:30:32
085,Gemma3-27B,LoRA,MT,Act,Qwen3-Gen,N/A,0.584014,0.751012,0.873469,0.880567,494,494,0,0.0,,/WAVE/projects2/CSEN-346-Sp26/Group3/TutorMind/DataAugmentation-Experiments/LORA/Gemma3-27B/run085_mt.csv,2026-05-08T20:30:32
086,LLaMA-3.1-8B,LoRA,MI,MI,Qwen3-Gen+Verify,N/A,0.627795,0.728625,0.829713,0.890335,538,538,0,0.0,,/WAVE/projects2/CSEN-346-Sp26/Group3/TutorMind/DataAugmentation-Experiments/LORA/Llama/run086_mi.csv,2026-05-06T22:29:17
087,LLaMA-3.1-8B,LoRA,ML,ML,Qwen3-Gen+Verify,N/A,0.447814,0.595142,0.724116,0.783401,494,494,0,0.0,,/WAVE/projects2/CSEN-346-Sp26/Group3/TutorMind/DataAugmentation-Experiments/LORA/Llama/run087_ml.csv,2026-05-06T23:29:46
088,LLaMA-3.1-8B,LoRA,PG,PG,Qwen3-Gen+Verify,N/A,0.479358,0.582996,0.724194,0.825911,494,494,0,0.0,,/WAVE/projects2/CSEN-346-Sp26/Group3/TutorMind/DataAugmentation-Experiments/LORA/Llama/run088_pg.csv,2026-05-06T23:29:53
089,LLaMA-3.1-8B,LoRA,Act,Act,Qwen3-Gen+Verify,N/A,0.549553,0.617409,0.769166,0.795547,494,494,0,0.0,,/WAVE/projects2/CSEN-346-Sp26/Group3/TutorMind/DataAugmentation-Experiments/LORA/Llama/run089_act.csv,2026-05-07T00:15:20
090,LLaMA-3.1-8B,LoRA,MT,MI,Qwen3-Gen+Verify,N/A,0.563196,0.848178,0.839746,0.917004,494,494,0,0.0,,/WAVE/projects2/CSEN-346-Sp26/Group3/TutorMind/DataAugmentation-Experiments/LORA/Llama/run090_mt.csv,2026-05-07T00:20:08
090,LLaMA-3.1-8B,LoRA,MT,ML,Qwen3-Gen+Verify,N/A,0.426053,0.6417,0.669786,0.716599,494,494,0,0.0,,/WAVE/projects2/CSEN-346-Sp26/Group3/TutorMind/DataAugmentation-Experiments/LORA/Llama/run090_mt.csv,2026-05-07T00:20:08
090,LLaMA-3.1-8B,LoRA,MT,PG,Qwen3-Gen+Verify,N/A,0.478212,0.591093,0.712193,0.82996,494,494,0,0.0,,/WAVE/projects2/CSEN-346-Sp26/Group3/TutorMind/DataAugmentation-Experiments/LORA/Llama/run090_mt.csv,2026-05-07T00:20:08
090,LLaMA-3.1-8B,LoRA,MT,Act,Qwen3-Gen+Verify,N/A,0.475222,0.674089,0.757809,0.795547,494,494,0,0.0,,/WAVE/projects2/CSEN-346-Sp26/Group3/TutorMind/DataAugmentation-Experiments/LORA/Llama/run090_mt.csv,2026-05-07T00:20:08
091,Mistral-7B,LoRA,MI,MI,Qwen3-Gen+Verify,N/A,0.496908,0.55948,0.697072,0.758364,538,538,0,0.0,,/WAVE/projects2/CSEN-346-Sp26/Group3/TutorMind/DataAugmentation-Experiments/LORA/Mistral/run091_mi.csv,2026-05-07T14:56:23
092,Mistral-7B,LoRA,ML,ML,Qwen3-Gen+Verify,N/A,0.36925,0.435223,0.635444,0.665992,494,494,0,0.0,,/WAVE/projects2/CSEN-346-Sp26/Group3/TutorMind/DataAugmentation-Experiments/LORA/Mistral/run092_ml.csv,2026-05-07T14:56:52
093,Mistral-7B,LoRA,PG,PG,Qwen3-Gen+Verify,N/A,0.396146,0.421053,0.594309,0.651822,494,494,0,0.0,,/WAVE/projects2/CSEN-346-Sp26/Group3/TutorMind/DataAugmentation-Experiments/LORA/Mistral/run093_pg.csv,2026-05-07T15:38:39
094,Mistral-7B,LoRA,Act,Act,Qwen3-Gen+Verify,N/A,0.473357,0.576923,0.695189,0.738866,494,494,0,0.0,,/WAVE/projects2/CSEN-346-Sp26/Group3/TutorMind/DataAugmentation-Experiments/LORA/Mistral/run094_act.csv,2026-05-07T15:38:51
095,Mistral-7B,LoRA,MT,MI,Qwen3-Gen+Verify,N/A,0.48453,0.751012,0.713471,0.801619,494,494,0,0.0,,/WAVE/projects2/CSEN-346-Sp26/Group3/TutorMind/DataAugmentation-Experiments/LORA/Mistral/run095_mt.csv,2026-05-07T15:39:12
095,Mistral-7B,LoRA,MT,ML,Qwen3-Gen+Verify,N/A,0.481121,0.576923,0.639261,0.65587,494,494,0,0.0,,/WAVE/projects2/CSEN-346-Sp26/Group3/TutorMind/DataAugmentation-Experiments/LORA/Mistral/run095_mt.csv,2026-05-07T15:39:12
095,Mistral-7B,LoRA,MT,PG,Qwen3-Gen+Verify,N/A,0.49864,0.534413,0.724009,0.817814,494,494,0,0.0,,/WAVE/projects2/CSEN-346-Sp26/Group3/TutorMind/DataAugmentation-Experiments/LORA/Mistral/run095_mt.csv,2026-05-07T15:39:12
095,Mistral-7B,LoRA,MT,Act,Qwen3-Gen+Verify,N/A,0.488973,0.603239,0.673201,0.736842,494,494,0,0.0,,/WAVE/projects2/CSEN-346-Sp26/Group3/TutorMind/DataAugmentation-Experiments/LORA/Mistral/run095_mt.csv,2026-05-07T15:39:12
096,Qwen3-14B,LoRA,MI,MI,Qwen3-Gen+Verify,OFF,0.701561,0.821561,0.865917,0.918216,538,538,0,0.0,,/WAVE/projects2/CSEN-346-Sp26/Group3/TutorMind/DataAugmentation-Experiments/LORA/Qwen3-14B/run096_mi.csv,2026-05-07T18:15:56
097,Qwen3-14B,LoRA,ML,ML,Qwen3-Gen+Verify,OFF,0.47968,0.657895,0.741443,0.783401,494,494,0,0.0,,/WAVE/projects2/CSEN-346-Sp26/Group3/TutorMind/DataAugmentation-Experiments/LORA/Qwen3-14B/run097_ml.csv,2026-05-07T19:20:00
098,Qwen3-14B,LoRA,PG,PG,Qwen3-Gen+Verify,OFF,0.530152,0.62753,0.740624,0.819838,494,494,0,0.0,,/WAVE/projects2/CSEN-346-Sp26/Group3/TutorMind/DataAugmentation-Experiments/LORA/Qwen3-14B/run098_pg.csv,2026-05-07T19:22:19
099,Qwen3-14B,LoRA,Act,Act,Qwen3-Gen+Verify,OFF,0.61087,0.722672,0.839009,0.854251,494,494,0,0.0,,/WAVE/projects2/CSEN-346-Sp26/Group3/TutorMind/DataAugmentation-Experiments/LORA/Qwen3-14B/run099_act.csv,2026-05-07T21:30:13
100,Qwen3-14B,LoRA,MT,MI,Qwen3-Gen+Verify,OFF,0.621594,0.854251,0.856855,0.923077,494,494,0,0.0,,/WAVE/projects2/CSEN-346-Sp26/Group3/TutorMind/DataAugmentation-Experiments/LORA/Qwen3-14B/run100_mt.csv,2026-05-07T21:39:35
100,Qwen3-14B,LoRA,MT,ML,Qwen3-Gen+Verify,OFF,0.469242,0.698381,0.731548,0.777328,494,494,0,0.0,,/WAVE/projects2/CSEN-346-Sp26/Group3/TutorMind/DataAugmentation-Experiments/LORA/Qwen3-14B/run100_mt.csv,2026-05-07T21:39:35
100,Qwen3-14B,LoRA,MT,PG,Qwen3-Gen+Verify,OFF,0.510559,0.639676,0.734369,0.825911,494,494,0,0.0,,/WAVE/projects2/CSEN-346-Sp26/Group3/TutorMind/DataAugmentation-Experiments/LORA/Qwen3-14B/run100_mt.csv,2026-05-07T21:39:35
100,Qwen3-14B,LoRA,MT,Act,Qwen3-Gen+Verify,OFF,0.578058,0.722672,0.838107,0.854251,494,494,0,0.0,,/WAVE/projects2/CSEN-346-Sp26/Group3/TutorMind/DataAugmentation-Experiments/LORA/Qwen3-14B/run100_mt.csv,2026-05-07T21:39:35
101,Gemma3-12B,LoRA,MI,MI,Qwen3-Gen+Verify,N/A,0.730982,0.856877,0.876638,0.921933,538,538,0,0.0,,/WAVE/projects2/CSEN-346-Sp26/Group3/TutorMind/DataAugmentation-Experiments/LORA/Gemma3-12B/run101_mi.csv,2026-05-08T00:38:36
102,Gemma3-12B,LoRA,ML,ML,Qwen3-Gen+Verify,N/A,0.508965,0.730769,0.764371,0.799595,494,494,0,0.0,,/WAVE/projects2/CSEN-346-Sp26/Group3/TutorMind/DataAugmentation-Experiments/LORA/Gemma3-12B/run102_ml.csv,2026-05-08T01:51:17
103,Gemma3-12B,LoRA,PG,PG,Qwen3-Gen+Verify,N/A,0.5574,0.678138,0.79084,0.854251,494,494,0,0.0,,/WAVE/projects2/CSEN-346-Sp26/Group3/TutorMind/DataAugmentation-Experiments/LORA/Gemma3-12B/run103_pg.csv,2026-05-08T01:51:42
104,Gemma3-12B,LoRA,Act,Act,Qwen3-Gen+Verify,N/A,0.635056,0.706478,0.881142,0.890688,494,494,0,0.0,,/WAVE/projects2/CSEN-346-Sp26/Group3/TutorMind/DataAugmentation-Experiments/LORA/Gemma3-12B/run104_act.csv,2026-05-08T02:14:37
105,Gemma3-12B,LoRA,MT,MI,Qwen3-Gen+Verify,N/A,0.552173,0.815789,0.832844,0.90081,494,494,0,0.0,,/WAVE/projects2/CSEN-346-Sp26/Group3/TutorMind/DataAugmentation-Experiments/LORA/Gemma3-12B/run105_mt.csv,2026-05-08T03:17:29
105,Gemma3-12B,LoRA,MT,ML,Qwen3-Gen+Verify,N/A,0.502757,0.740891,0.78701,0.831984,494,494,0,0.0,,/WAVE/projects2/CSEN-346-Sp26/Group3/TutorMind/DataAugmentation-Experiments/LORA/Gemma3-12B/run105_mt.csv,2026-05-08T03:17:29
105,Gemma3-12B,LoRA,MT,PG,Qwen3-Gen+Verify,N/A,0.485553,0.659919,0.755049,0.821862,494,494,0,0.0,,/WAVE/projects2/CSEN-346-Sp26/Group3/TutorMind/DataAugmentation-Experiments/LORA/Gemma3-12B/run105_mt.csv,2026-05-08T03:17:29
105,Gemma3-12B,LoRA,MT,Act,Qwen3-Gen+Verify,N/A,0.572909,0.744939,0.868357,0.876518,494,494,0,0.0,,/WAVE/projects2/CSEN-346-Sp26/Group3/TutorMind/DataAugmentation-Experiments/LORA/Gemma3-12B/run105_mt.csv,2026-05-08T03:17:29
106,Gemma3-27B,LoRA,MI,MI,Qwen3-Gen+Verify,N/A,0.770569,0.873606,0.882512,0.925651,538,538,0,0.0,,/WAVE/projects2/CSEN-346-Sp26/Group3/TutorMind/DataAugmentation-Experiments/LORA/Gemma3-27B/run106_mi.csv,2026-05-08T19:34:25
107,Gemma3-27B,LoRA,ML,ML,Qwen3-Gen+Verify,N/A,0.506677,0.742915,0.784593,0.817814,494,494,0,0.0,,/WAVE/projects2/CSEN-346-Sp26/Group3/TutorMind/DataAugmentation-Experiments/LORA/Gemma3-27B/run107_ml.csv,2026-05-08T19:19:37
108,Gemma3-27B,LoRA,PG,PG,Qwen3-Gen+Verify,N/A,0.564477,0.629555,0.7641,0.831984,494,494,0,0.0,,/WAVE/projects2/CSEN-346-Sp26/Group3/TutorMind/DataAugmentation-Experiments/LORA/Gemma3-27B/run108_pg.csv,2026-05-09T04:09:52
109,Gemma3-27B,LoRA,Act,Act,Qwen3-Gen+Verify,N/A,0.599528,0.678138,0.85277,0.862348,494,494,0,0.0,,/WAVE/projects2/CSEN-346-Sp26/Group3/TutorMind/DataAugmentation-Experiments/LORA/Gemma3-27B/run109_act.csv,2026-05-09T04:11:15
110,Gemma3-27B,LoRA,MT,MI,Qwen3-Gen+Verify,N/A,0.61865,0.856275,0.87329,0.927126,494,494,0,0.0,,/WAVE/projects2/CSEN-346-Sp26/Group3/TutorMind/DataAugmentation-Experiments/LORA/Gemma3-27B/run110_mt.csv,2026-05-09T04:45:13
110,Gemma3-27B,LoRA,MT,ML,Qwen3-Gen+Verify,N/A,0.513131,0.759109,0.790678,0.82996,494,494,0,0.0,,/WAVE/projects2/CSEN-346-Sp26/Group3/TutorMind/DataAugmentation-Experiments/LORA/Gemma3-27B/run110_mt.csv,2026-05-09T04:45:13
110,Gemma3-27B,LoRA,MT,PG,Qwen3-Gen+Verify,N/A,0.52411,0.680162,0.76481,0.82996,494,494,0,0.0,,/WAVE/projects2/CSEN-346-Sp26/Group3/TutorMind/DataAugmentation-Experiments/LORA/Gemma3-27B/run110_mt.csv,2026-05-09T04:45:13
110,Gemma3-27B,LoRA,MT,Act,Qwen3-Gen+Verify,N/A,0.593798,0.761134,0.85942,0.868421,494,494,0,0.0,,/WAVE/projects2/CSEN-346-Sp26/Group3/TutorMind/DataAugmentation-Experiments/LORA/Gemma3-27B/run110_mt.csv,2026-05-09T04:45:13
111,Qwen3-14B,LoRA,MI,MI,Qwen3-Gen,ON,0.722246,0.843866,0.860879,0.914498,538,538,0,0.0,,/WAVE/projects2/CSEN-346-Sp26/Group3/TutorMind/CoT-Experiments/LORA/Qwen3_14B_Gen/outputs/20260510_fixed_peft_retrain_232602/run_111_qwen3_14b_think_lora_gen_mi_predictions.csv,2026-05-11T06:33:39
112,Qwen3-14B,LoRA,ML,ML,Qwen3-Gen,ON,0.495885,0.710526,0.753044,0.793522,494,494,0,0.0,,/WAVE/projects2/CSEN-346-Sp26/Group3/TutorMind/CoT-Experiments/LORA/Qwen3_14B_Gen/outputs/20260510_fixed_peft_retrain_232602/run_112_qwen3_14b_think_lora_gen_ml_predictions.csv,2026-05-11T06:33:40
113,Qwen3-14B,LoRA,PG,PG,Qwen3-Gen,ON,0.513694,0.653846,0.754403,0.82996,494,494,0,0.0,,/WAVE/projects2/CSEN-346-Sp26/Group3/TutorMind/CoT-Experiments/LORA/Qwen3_14B_Gen/outputs/20260510_fixed_peft_retrain_232602/run_113_qwen3_14b_think_lora_gen_pg_predictions.csv,2026-05-11T06:33:40
114,Qwen3-14B,LoRA,Act,Act,Qwen3-Gen,ON,0.624847,0.753036,0.86319,0.874494,494,494,0,0.0,,/WAVE/projects2/CSEN-346-Sp26/Group3/TutorMind/CoT-Experiments/LORA/Qwen3_14B_Gen/outputs/20260510_fixed_peft_retrain_232602/run_114_qwen3_14b_think_lora_gen_act_predictions.csv,2026-05-11T06:33:41
115,Qwen3-14B,LoRA,MT,MI,Qwen3-Gen,ON,0.612137,0.856275,0.853836,0.921053,494,494,0,0.0,,/WAVE/projects2/CSEN-346-Sp26/Group3/TutorMind/CoT-Experiments/LORA/Qwen3_14B_Gen/outputs/20260510_fixed_peft_retrain_232602/run_115_qwen3_14b_think_lora_gen_mt_predictions.csv,2026-05-11T06:33:42
115,Qwen3-14B,LoRA,MT,ML,Qwen3-Gen,ON,0.496139,0.732794,0.749633,0.809717,494,494,0,0.0,,/WAVE/projects2/CSEN-346-Sp26/Group3/TutorMind/CoT-Experiments/LORA/Qwen3_14B_Gen/outputs/20260510_fixed_peft_retrain_232602/run_115_qwen3_14b_think_lora_gen_mt_predictions.csv,2026-05-11T06:33:42
115,Qwen3-14B,LoRA,MT,PG,Qwen3-Gen,ON,0.517938,0.688259,0.776252,0.850202,494,494,0,0.0,,/WAVE/projects2/CSEN-346-Sp26/Group3/TutorMind/CoT-Experiments/LORA/Qwen3_14B_Gen/outputs/20260510_fixed_peft_retrain_232602/run_115_qwen3_14b_think_lora_gen_mt_predictions.csv,2026-05-11T06:33:42
115,Qwen3-14B,LoRA,MT,Act,Qwen3-Gen,ON,0.557061,0.736842,0.848775,0.862348,494,494,0,0.0,,/WAVE/projects2/CSEN-346-Sp26/Group3/TutorMind/CoT-Experiments/LORA/Qwen3_14B_Gen/outputs/20260510_fixed_peft_retrain_232602/run_115_qwen3_14b_think_lora_gen_mt_predictions.csv,2026-05-11T06:33:42
116,Qwen3-14B,LoRA,MI,MI,Qwen3-Gen+Verify,ON,0.706828,0.830855,0.859823,0.914498,538,538,0,0.0,,/WAVE/projects2/CSEN-346-Sp26/Group3/TutorMind/CoT-Experiments/LORA/Qwen3_14B_GenVerify/outputs/20260510_fixed_peft_retrain_232602/run_116_qwen3_14b_think_lora_genverify_mi_predictions.csv,2026-05-11T06:33:43
117,Qwen3-14B,LoRA,ML,ML,Qwen3-Gen+Verify,ON,0.503426,0.706478,0.748217,0.787449,494,494,0,0.0,,/WAVE/projects2/CSEN-346-Sp26/Group3/TutorMind/CoT-Experiments/LORA/Qwen3_14B_GenVerify/outputs/20260510_fixed_peft_retrain_232602/run_117_qwen3_14b_think_lora_genverify_ml_predictions.csv,2026-05-11T06:33:44
118,Qwen3-14B,LoRA,PG,PG,Qwen3-Gen+Verify,ON,0.485068,0.643725,0.75811,0.831984,494,494,0,0.0,,/WAVE/projects2/CSEN-346-Sp26/Group3/TutorMind/CoT-Experiments/LORA/Qwen3_14B_GenVerify/outputs/20260510_fixed_peft_retrain_232602/run_118_qwen3_14b_think_lora_genverify_pg_predictions.csv,2026-05-11T06:33:44
119,Qwen3-14B,LoRA,Act,Act,Qwen3-Gen+Verify,ON,0.637446,0.753036,0.872653,0.882591,494,494,0,0.0,,/WAVE/projects2/CSEN-346-Sp26/Group3/TutorMind/CoT-Experiments/LORA/Qwen3_14B_GenVerify/outputs/20260510_fixed_peft_retrain_232602/run_119_qwen3_14b_think_lora_genverify_act_predictions.csv,2026-05-11T06:33:45
120,Qwen3-14B,LoRA,MT,MI,Qwen3-Gen+Verify,ON,0.572535,0.834008,0.839391,0.908907,494,494,0,0.0,,/WAVE/projects2/CSEN-346-Sp26/Group3/TutorMind/CoT-Experiments/LORA/Qwen3_14B_GenVerify/outputs/20260510_fixed_peft_retrain_232602/run_120_qwen3_14b_think_lora_genverify_mt_predictions.csv,2026-05-11T06:33:46
120,Qwen3-14B,LoRA,MT,ML,Qwen3-Gen+Verify,ON,0.479627,0.718623,0.743588,0.793522,494,494,0,0.0,,/WAVE/projects2/CSEN-346-Sp26/Group3/TutorMind/CoT-Experiments/LORA/Qwen3_14B_GenVerify/outputs/20260510_fixed_peft_retrain_232602/run_120_qwen3_14b_think_lora_genverify_mt_predictions.csv,2026-05-11T06:33:46
120,Qwen3-14B,LoRA,MT,PG,Qwen3-Gen+Verify,ON,0.513742,0.659919,0.749475,0.82996,494,494,0,0.0,,/WAVE/projects2/CSEN-346-Sp26/Group3/TutorMind/CoT-Experiments/LORA/Qwen3_14B_GenVerify/outputs/20260510_fixed_peft_retrain_232602/run_120_qwen3_14b_think_lora_genverify_mt_predictions.csv,2026-05-11T06:33:46
120,Qwen3-14B,LoRA,MT,Act,Qwen3-Gen+Verify,ON,0.58764,0.742915,0.856387,0.868421,494,494,0,0.0,,/WAVE/projects2/CSEN-346-Sp26/Group3/TutorMind/CoT-Experiments/LORA/Qwen3_14B_GenVerify/outputs/20260510_fixed_peft_retrain_232602/run_120_qwen3_14b_think_lora_genverify_mt_predictions.csv,2026-05-11T06:33:46
