pred_label,raw_output
No,No
Yes,Yes
Yes,Yes
Yes,Yes
No,No
Yes,Yes
Yes,Yes
Yes,Yes
No,No
No,No
Yes,Yes
No,No
No,No
Yes,Yes
Yes,Yes
Yes,Yes
No,No
No,No
Yes,Yes
Yes,Yes
Yes,Yes
Yes,Yes
Yes,Yes
Yes,Yes
Yes,Yes
Yes,Yes
No,No
No,No
Yes,Yes
No,No
Yes,Yes
Yes,Yes
Yes,Yes
Yes,Yes
No,No
Yes,Yes
Yes,Yes
Yes,Yes
Yes,Yes
Yes,Yes
No,No
Yes,Yes
Yes,Yes
Yes,Yes
Yes,Yes
Yes,Yes
No,No
Yes,Yes
No,No
Yes,Yes
No,No
Yes,Yes
Yes,Yes
Yes,Yes
Yes,Yes
Yes,Yes
Yes,Yes
Yes,Yes
Yes,Yes
Yes,Yes
No,No
No,No
No,No
Yes,Yes
Yes,Yes
No,No
Yes,Yes
Yes,Yes
No,No
Yes,Yes
No,No
Yes,Yes
Yes,Yes
No,No
No,No
No,No
Yes,Yes
No,No
Yes,Yes
Yes,Yes
Yes,Yes
Yes,Yes
Yes,Yes
Yes,Yes
Yes,Yes
No,No
Yes,Yes
Yes,Yes
Yes,Yes
Yes,Yes
Yes,Yes
Yes,Yes
Yes,Yes
Yes,Yes
Yes,Yes
No,No
Yes,Yes
Yes,Yes
Yes,Yes
Yes,Yes
Yes,Yes
No,No
Yes,Yes
No,No
Yes,Yes
No,No
No,No
Yes,Yes
Yes,Yes
Yes,Yes
Yes,Yes
Yes,Yes
No,No
No,No
Yes,Yes
Yes,Yes
Yes,Yes
Yes,Yes
Yes,Yes
No,No
Yes,Yes
Yes,Yes
No,No
Yes,Yes
Yes,Yes
Yes,Yes
Yes,Yes
Yes,Yes
No,No
Yes,Yes
Yes,Yes
Yes,Yes
Yes,Yes
Yes,Yes
Yes,Yes
Yes,Yes
Yes,Yes
Yes,Yes
Yes,Yes
No,No
Yes,Yes
Yes,Yes
Yes,Yes
Yes,Yes
No,No
Yes,Yes
Yes,Yes
Yes,Yes
Yes,Yes
Yes,Yes
Yes,Yes
Yes,Yes
No,No
To some extent,To some extent
Yes,Yes
No,No
To some extent,To some extent
Yes,Yes
Yes,Yes
Yes,Yes
Yes,Yes
No,No
Yes,Yes
No,No
No,No
Yes,Yes
Yes,Yes
Yes,Yes
No,No
Yes,Yes
Yes,Yes
No,No
Yes,Yes
Yes,Yes
No,No
Yes,Yes
Yes,Yes
Yes,Yes
Yes,Yes
No,No
Yes,Yes
No,No
Yes,Yes
Yes,Yes
No,No
No,No
Yes,Yes
No,No
Yes,Yes
No,No
Yes,Yes
Yes,Yes
Yes,Yes
Yes,Yes
Yes,Yes
Yes,Yes
No,No
Yes,Yes
Yes,Yes
Yes,Yes
No,No
No,No
Yes,Yes
Yes,Yes
Yes,Yes
Yes,Yes
Yes,Yes
Yes,Yes
Yes,Yes
No,No
Yes,Yes
Yes,Yes
No,No
Yes,Yes
Yes,Yes
Yes,Yes
Yes,Yes
No,No
Yes,Yes
To some extent,To some extent
No,No
No,No
Yes,Yes
No,No
Yes,Yes
Yes,Yes
Yes,Yes
No,No
Yes,Yes
Yes,Yes
Yes,Yes
Yes,Yes
Yes,Yes
No,No
No,No
Yes,Yes
Yes,Yes
Yes,Yes
Yes,Yes
No,No
Yes,Yes
Yes,Yes
Yes,Yes
Yes,Yes
No,No
No,No
Yes,Yes
Yes,Yes
Yes,Yes
Yes,Yes
No,No
Yes,Yes
Yes,Yes
Yes,Yes
Yes,Yes
Yes,Yes
No,No
No,No
Yes,Yes
No,No
No,No
No,No
No,No
No,No
Yes,Yes
Yes,Yes
Yes,Yes
Yes,Yes
Yes,Yes
Yes,Yes
No,No
Yes,Yes
Yes,Yes
Yes,Yes
Yes,Yes
Yes,Yes
No,No
Yes,Yes
Yes,Yes
No,No
No,No
Yes,Yes
No,No
No,No
No,No
Yes,Yes
No,No
Yes,Yes
To some extent,To some extent
Yes,Yes
Yes,Yes
Yes,Yes
Yes,Yes
Yes,Yes
Yes,Yes
No,No
Yes,Yes
Yes,Yes
Yes,Yes
Yes,Yes
No,No
No,No
Yes,Yes
Yes,Yes
Yes,Yes
No,No
No,No
Yes,Yes
No,No
No,No
No,No
Yes,Yes
To some extent,To some extent
Yes,Yes
No,No
Yes,Yes
No,No
Yes,Yes
Yes,Yes
No,No
To some extent,To some extent
No,No
Yes,Yes
Yes,Yes
Yes,Yes
No,No
Yes,Yes
Yes,Yes
To some extent,To some extent
Yes,Yes
To some extent,To some extent
No,No
No,No
No,No
No,No
No,No
No,No
No,No
Yes,Yes
Yes,Yes
Yes,Yes
No,No
No,No
Yes,Yes
Yes,Yes
Yes,Yes
No,No
No,No
No,No
Yes,Yes
Yes,Yes
Yes,Yes
No,No
Yes,Yes
Yes,Yes
Yes,Yes
Yes,Yes
No,No
No,No
Yes,Yes
No,No
Yes,Yes
No,No
No,No
Yes,Yes
No,No
Yes,Yes
No,No
Yes,Yes
Yes,Yes
Yes,Yes
Yes,Yes
Yes,Yes
No,No
Yes,Yes
Yes,Yes
No,No
Yes,Yes
Yes,Yes
Yes,Yes
No,No
Yes,Yes
Yes,Yes
No,No
Yes,Yes
No,No
No,No
Yes,Yes
No,No
Yes,Yes
Yes,Yes
Yes,Yes
Yes,Yes
No,No
Yes,Yes
Yes,Yes
Yes,Yes
Yes,Yes
Yes,Yes
Yes,Yes
No,No
Yes,Yes
Yes,Yes
Yes,Yes
Yes,Yes
No,No
Yes,Yes
Yes,Yes
Yes,Yes
Yes,Yes
Yes,Yes
Yes,Yes
Yes,Yes
Yes,Yes
Yes,Yes
Yes,Yes
No,No
Yes,Yes
No,No
Yes,Yes
Yes,Yes
No,No
No,No
Yes,Yes
To some extent,To some extent
No,No
No,No
No,No
No,No
No,No
No,No
No,No
No,No
Yes,Yes
Yes,Yes
Yes,Yes
Yes,Yes
No,No
Yes,Yes
Yes,Yes
Yes,Yes
Yes,Yes
No,No
Yes,Yes
Yes,Yes
Yes,Yes
No,No
Yes,Yes
Yes,Yes
Yes,Yes
No,No
Yes,Yes
Yes,Yes
Yes,Yes
Yes,Yes
No,No
Yes,Yes
Yes,Yes
Yes,Yes
Yes,Yes
Yes,Yes
Yes,Yes
Yes,Yes
No,No
Yes,Yes
Yes,Yes
Yes,Yes
Yes,Yes
Yes,Yes
No,No
Yes,Yes
No,No
No,No
Yes,Yes
Yes,Yes
No,No
Yes,Yes
No,No
Yes,Yes
Yes,Yes
Yes,Yes
No,No
No,No
No,No
Yes,Yes
No,No
No,No
Yes,Yes
Yes,Yes
Yes,Yes
Yes,Yes
Yes,Yes
No,No
Yes,Yes
